index_name,build_time_ns1,build_time_ns2,build_time_ns3,index_size_bytes,lookup_throughput_mops1,lookup_throughput_mops2,lookup_throughput_mops3,search_method,value
LIPP,7959709,6458014,4657063,11825716736,10.3585,8.44721,8.30312
DynamicPGM,4436282,4424005,4524046,1719163668,2.08025,1.98716,1.9925,BinarySearch,16
DynamicPGM,4510725,4500814,4513795,1719163668,2.31621,2.23794,2.33584,LinearSearch,16
DynamicPGM,3220210,3232099,3200361,1703456888,2.12279,2.09936,2.11925,BinarySearch,32
HybridPGMLIPP,4915093,4946014,5031121,1719163780,1.44677,1.46599,1.44704
HybridPGMLIPP,4948360,4941364,4946052,1719163780,1.5909,1.55375,1.88057
