index_name,build_time_ns1,build_time_ns2,build_time_ns3,index_size_bytes,insert_throughput_mops1,lookup_throughput_mops1,insert_throughput_mops2,lookup_throughput_mops2,insert_throughput_mops3,lookup_throughput_mops3,search_method,value
LIPP,11327465,7430341,6993711,11785680160,2.70525,6.84584,2.76397,7.04642,2.5392,6.57579
DynamicPGM,2838307,2818721,2815694,1700010968,6.48014,0.502625,6.78669,0.517719,6.5755,0.512591,InterpolationSearch,256
DynamicPGM,2922602,2910303,2919395,1700049628,6.794,0.502578,6.63665,0.505778,6.72067,0.507241,InterpolationSearch,128
DynamicPGM,2823650,2810548,2825934,1700003188,6.46838,0.521109,6.36618,0.514307,6.44816,0.516423,InterpolationSearch,512
HybridPGMLIPP,5584478,5582329,5590979,1701862720,111.058,1.08239,109.19,1.13915,110.69,1.13457
HybridPGMLIPP,5568709,5576429,5556189,1701862720,110.017,1.12896,109.014,1.14705,111.945,1.09058
