index_name,build_time_ns1,build_time_ns2,build_time_ns3,index_size_bytes,mixed_throughput_mops1,mixed_throughput_mops2,mixed_throughput_mops3,search_method,value
LIPP,7544763,6453605,4961355,11818375200,5.47353,4.76894,4.85321
BTree,936640,934109,819561,1956115776,1.22926,1.26306,1.27329,LinearSearch,8
BTree,276357,293210,278547,1881879368,1.13569,1.12664,1.13725,InterpolationSearch,10
BTree,238850,237028,251556,2262057504,1.01022,1.03029,1.02016,InterpolationSearch,12
DynamicPGM,2992651,2998123,3002577,1703431048,1.0696,1.06534,1.08734,LinearSearch,32
DynamicPGM,2339870,2336843,2335537,1700049808,0.950701,0.952342,0.951568,InterpolationSearch,128
DynamicPGM,2289518,2287934,2282290,1700010908,0.934827,0.937013,0.935807,InterpolationSearch,256
