index_name,build_time_ns1,build_time_ns2,build_time_ns3,index_size_bytes,lookup_throughput_mops1,lookup_throughput_mops2,lookup_throughput_mops3,search_method,value
LIPP,8169959,6522040,5018813,11825716736,2.82254,5.41888,5.42844
BTree,1214938,1206685,1207507,2125000432,1.31042,1.31761,1.33097,LinearSearch,6
BTree,750616,757341,728558,1856251088,1.46477,1.48442,1.46471,LinearSearch,8
BTree,408003,403839,406068,1601106264,1.45782,1.47108,1.45618,InterpolationSearch,16
DynamicPGM,4059222,4058543,4063344,1719163668,1.99987,1.99416,2.00882,BinarySearch,16
DynamicPGM,4060626,4057717,4061754,1719163668,1.95868,2.01799,1.99845,LinearSearch,16
DynamicPGM,3012518,3007923,3011671,1703456888,2.19731,2.21286,2.21141,BinarySearch,32
