index_name,build_time_ns1,build_time_ns2,build_time_ns3,index_size_bytes,lookup_throughput_mops1,lookup_throughput_mops2,lookup_throughput_mops3,search_method,value
LIPP,11361366,8794693,5422586,11825716736,7.17845,6.47465,6.53067
DynamicPGM,5043235,5033419,5038267,1719163668,1.85448,1.77018,1.8346,BinarySearch,16
DynamicPGM,5014177,5014152,5015965,1719163668,1.8096,1.73599,1.81302,LinearSearch,16
DynamicPGM,3758323,3749016,3751997,1703456888,2.00996,2.14282,2.12637,BinarySearch,32
HybridPGMLIPP,5695234,5645812,5646477,1719163780,1.18735,1.22237,1.24917
HybridPGMLIPP,5618913,5631453,5618226,1719163780,1.27801,1.22975,1.21239
