index_name,build_time_ns1,build_time_ns2,build_time_ns3,index_size_bytes,insert_throughput_mops1,lookup_throughput_mops1,insert_throughput_mops2,lookup_throughput_mops2,insert_throughput_mops3,lookup_throughput_mops3,search_method,value
LIPP,8491578,5906561,5639419,11785680160,1.34198,3.78057,2.73464,6.18087,2.49834,5.43356
BTree,583898,591627,555280,2440801792,0.781418,1.20326,0.785847,1.212,0.886765,1.20819,InterpolationSearch,10
BTree,541394,492476,415680,2197433696,1.04948,1.27523,1.04976,1.25864,1.04299,1.24714,LinearSearch,8
BTree,224098,224191,223497,3078089616,0.716204,1.1604,0.715367,1.15342,0.71584,1.16044,InterpolationSearch,12
DynamicPGM,2274286,2266104,2264923,1700010968,6.99043,0.544236,7.18913,0.56041,7.17014,0.563821,InterpolationSearch,256
DynamicPGM,2331120,2329514,2325826,1700049628,6.95062,0.53852,6.99647,0.564163,7.00402,0.558149,InterpolationSearch,128
DynamicPGM,2241787,2252542,2261403,1700003188,7.07149,0.564351,7.05211,0.553444,7.04821,0.559116,InterpolationSearch,512
