index_name,build_time_ns1,build_time_ns2,build_time_ns3,index_size_bytes,insert_throughput_mops1,lookup_throughput_mops1,insert_throughput_mops2,lookup_throughput_mops2,insert_throughput_mops3,lookup_throughput_mops3,search_method,value
LIPP,8189592,6046414,5694323,11785680160,3.30775,9.85893,3.57459,9.13402,3.12167,8.82344
DynamicPGM,2428659,2367973,2384144,1700010968,6.83884,0.528081,6.95837,0.525039,7.00055,0.529624,InterpolationSearch,256
DynamicPGM,2447789,2432078,2453167,1700049628,6.99836,0.523954,7.03762,0.520164,6.99567,0.536149,InterpolationSearch,128
DynamicPGM,2347848,2335440,2360419,1700003188,6.96462,0.534522,6.97323,0.520205,6.95447,0.533687,InterpolationSearch,512
HybridPGMLIPP,4828471,4817162,4823215,1701862720,126.563,1.56198,130.956,1.60081,130.449,1.47037
HybridPGMLIPP,4860356,4856685,4848713,1701862720,129.585,1.28671,130.645,1.26224,127.511,1.26083
