index_name,build_time_ns1,build_time_ns2,build_time_ns3,index_size_bytes,mixed_throughput_mops1,mixed_throughput_mops2,mixed_throughput_mops3,search_method,value
LIPP,7453585,6271519,4825403,11753646960,2.87159,2.59165,2.62173
BTree,879199,696127,697087,2365640552,0.943931,1.03778,1.07086,LinearSearch,8
BTree,265088,263551,264209,2764350832,0.892434,0.893407,0.881492,InterpolationSearch,10
BTree,221264,220997,219687,3159720104,0.744099,0.748418,0.746323,InterpolationSearch,12
DynamicPGM,2974570,2945516,2931525,1703244608,2.71731,3.36512,3.461,LinearSearch,32
DynamicPGM,2296104,2298835,2296309,1700049408,3.188,3.20039,3.18649,InterpolationSearch,128
DynamicPGM,2246302,2244701,2251508,1700011008,3.20451,3.20386,3.20709,InterpolationSearch,256
