index_name,build_time_ns1,build_time_ns2,build_time_ns3,index_size_bytes,insert_throughput_mops1,lookup_throughput_mops1,insert_throughput_mops2,lookup_throughput_mops2,insert_throughput_mops3,lookup_throughput_mops3,search_method,value
LIPP,11092780,8228923,5256921,12680726016,2.01063,7.33759,1.86853,6.62861,1.87782,6.47737
DynamicPGM,4421081,4377736,4396015,1700499508,6.52885,0.266974,6.73895,0.263052,6.75552,0.265798,LinearSearch,512
DynamicPGM,4392814,4390403,4404144,1700499508,6.61747,0.482995,6.60218,0.487199,6.71709,0.492236,BinarySearch,512
DynamicPGM,4663137,4661686,4658203,1701186528,6.69728,0.433851,6.81533,0.434142,6.76612,0.425678,ExponentialSearch,256
HybridPGMLIPP,6122715,6074057,6079029,1704086240,108.745,1.22224,109.318,1.24382,112.152,1.2357
HybridPGMLIPP,6099106,6090082,6087366,1704086240,108.965,1.21636,113.122,1.25083,111.808,1.22981
