index_name,build_time_ns1,build_time_ns2,build_time_ns3,index_size_bytes,lookup_throughput_mops1,lookup_throughput_mops2,lookup_throughput_mops3,search_method,value
LIPP,8203758,6298064,4811165,12706615072,9.24774,8.18855,8.54997
DynamicPGM,5115646,5106619,5122898,1721297388,1.92817,2.1119,2.02509,LinearSearch,16
DynamicPGM,4453927,4429498,4421156,1702563708,1.50767,1.46875,1.65898,BinarySearch,128
DynamicPGM,5288445,5311793,5239893,1721297388,1.69968,1.70853,1.81098,BinarySearch,16
HybridPGMLIPP,5130109,5046583,5087720,1721297500,1.84112,1.70141,1.70141,LinearSearch,16,1,adaptive
HybridPGMLIPP,5058595,5096704,5147968,1721297500,1.52232,1.479,1.30094,BinarySearch,16,1,adaptive
