index_name,build_time_ns1,build_time_ns2,build_time_ns3,index_size_bytes,insert_throughput_mops1,lookup_throughput_mops1,insert_throughput_mops2,lookup_throughput_mops2,insert_throughput_mops3,lookup_throughput_mops3,search_method,value
LIPP,7930697,6394925,4516190,12680726016,2.79145,10.4635,2.46628,8.47381,2.67269,9.20292
DynamicPGM,3980921,3867219,3885798,1700499508,6.83377,0.288968,6.89969,0.300451,6.99823,0.281638,LinearSearch,512
DynamicPGM,3941725,3878296,3937327,1700499508,6.63253,0.424148,6.89708,0.498502,6.7804,0.419942,BinarySearch,512
DynamicPGM,4300029,4334449,4259876,1701186528,6.80991,0.417978,7.11196,0.520305,6.97153,0.413965,ExponentialSearch,256
HybridPGMLIPP,5225688,5092029,5126199,1734624528,5.71029,0.623793,5.7802,0.504336,5.78025,0.512875,LinearSearch,16,2,adaptive
HybridPGMLIPP,5105560,5001128,5109519,1734624528,5.83082,0.566499,6.02965,0.476288,5.84808,0.472404,BinarySearch,16,2,adaptive
LIPP,8000710,6275331,4649390,12680726016,2.59755,9.27225,2.43298,7.68804,2.46874,8.33562
DynamicPGM,3803610,3799128,3798632,1700499508,6.93366,0.297962,7.13489,0.298434,7.08409,0.299097,LinearSearch,512
DynamicPGM,3804236,3801100,3796044,1700499508,7.05363,0.470953,7.09221,0.471591,7.08187,0.476985,BinarySearch,512
DynamicPGM,4150166,4148166,4139502,1701186528,7.08726,0.457195,7.16704,0.449927,7.15456,0.452073,ExponentialSearch,256
HybridPGMLIPP,4913844,4967250,4944313,1734624528,5.95622,0.520217,5.97153,0.520779,6.09271,0.522308,LinearSearch,16,2,adaptive
HybridPGMLIPP,4882988,4933405,5033657,1734624528,6.14329,0.48058,6.1165,0.47183,6.09615,0.479713,BinarySearch,16,2,adaptive
