index_name,build_time_ns1,build_time_ns2,build_time_ns3,index_size_bytes,lookup_throughput_mops1,lookup_throughput_mops2,lookup_throughput_mops3,search_method,value
LIPP,8205446,6305638,4617451,12706615072,9.4684,9.23061,8.70364
DynamicPGM,4938892,4853449,4911393,1721297388,2.26255,2.22982,2.04136,LinearSearch,16
DynamicPGM,4318414,4256369,4207277,1702563708,1.58645,1.85077,1.74022,BinarySearch,128
DynamicPGM,4886744,4906207,4898285,1721297388,1.81096,1.80641,2.01728,BinarySearch,16
HybridPGMLIPP,5040423,5226195,5125345,1721411324,1.35047,1.30813,1.4069,LinearSearch,16,0,adaptive
HybridPGMLIPP,5012283,5107010,5226921,1721413500,1.30091,1.23353,1.22538,BinarySearch,16,0,adaptive
