index_name,build_time_ns1,build_time_ns2,build_time_ns3,index_size_bytes,mixed_throughput_mops1,mixed_throughput_mops2,mixed_throughput_mops3,search_method,value
LIPP,8184589,6291003,4712033,12701685808,7.80085,6.70322,6.75422
DynamicPGM,4036628,3968238,4002402,1700504708,0.838473,0.890912,0.834704,BinarySearch,512
DynamicPGM,4754257,4652923,4646094,1705226068,0.88961,0.961122,0.890838,BinarySearch,64
DynamicPGM,4419382,4445884,4347026,1702558148,0.863446,0.984905,0.875733,BinarySearch,128
LIPP,8092350,6369093,4728741,12701685808,7.75709,6.58118,6.72559
DynamicPGM,3855053,3842787,3838144,1700504708,0.8864,0.881955,0.878616,BinarySearch,512
DynamicPGM,4463845,4465593,4488135,1705226068,0.912885,0.913203,0.919089,BinarySearch,64
DynamicPGM,4282039,4282260,4290439,1702558148,0.902214,0.902433,0.900503,BinarySearch,128
HybridPGMLIPP,4941371,4985004,4996840,1734717844,0.786022,0.788625,0.787287,BinarySearch,16,6,adaptive
