index_name,build_time_ns1,build_time_ns2,build_time_ns3,index_size_bytes,mixed_throughput_mops1,mixed_throughput_mops2,mixed_throughput_mops3,search_method,value
LIPP,8004648,6151506,4670462,12701685808,7.67045,6.99711,6.63154
DynamicPGM,3847098,3786470,3849310,1700504708,0.919905,0.893887,0.859932,BinarySearch,512
DynamicPGM,4443133,4382007,4413002,1705226068,0.904571,0.944737,0.900799,BinarySearch,64
DynamicPGM,4273582,4217487,4250605,1702558148,0.873901,0.945661,0.873421,BinarySearch,128
HybridPGMLIPP,7984998,6401046,4626651,12688451648,0.40195,0.390459,0.41619,BinarySearch,16,10
HybridPGMLIPP,4752059,4750476,4648186,12688451648,0.423832,0.399882,0.398118,LinearSearch,16,10
