index_name,build_time_ns1,build_time_ns2,build_time_ns3,index_size_bytes,mixed_throughput_mops1,mixed_throughput_mops2,mixed_throughput_mops3,search_method,value
LIPP,11669728,8646034,5448096,12701685808,4.97111,4.12008,4.22814
DynamicPGM,4584762,4578841,4649830,1700504708,0.726377,0.725345,0.736655,BinarySearch,512
DynamicPGM,5190418,5191819,5188060,1705226068,0.783956,0.785995,0.795054,BinarySearch,64
DynamicPGM,5050091,5053858,5057935,1702558148,0.762078,0.766206,0.761193,BinarySearch,128
HybridPGMLIPP,11742044,8736227,5587189,12688451648,0.34438,0.331643,0.339609,BinarySearch,16,10
HybridPGMLIPP,5549294,5602593,5688891,12688451648,0.331027,0.331733,0.325942,LinearSearch,16,10
