index_name,build_time_ns1,build_time_ns2,build_time_ns3,index_size_bytes,mixed_throughput_mops1,mixed_throughput_mops2,mixed_throughput_mops3,search_method,value
LIPP,8220221,6305418,4813685,12701685808,7.71899,6.42096,6.69742
DynamicPGM,3918332,3978245,3974300,1700504708,0.842947,0.840822,0.907716,BinarySearch,512
DynamicPGM,4821460,4844065,4794525,1705226068,0.89162,0.915939,0.964769,BinarySearch,64
DynamicPGM,4381154,4422892,4400781,1702558148,0.891336,0.877053,1.00885,BinarySearch,128
HybridPGMLIPP,5040338,5148812,5030119,1721255140,0.839428,0.975597,0.867553,BinarySearch,16,6,adaptive
HybridPGMLIPP,5028124,5183717,5111242,1721255140,0.886913,0.964187,0.893558,LinearSearch,16,5,adaptive
