index_name,build_time_ns1,build_time_ns2,build_time_ns3,index_size_bytes,mixed_throughput_mops1,mixed_throughput_mops2,mixed_throughput_mops3,search_method,value
LIPP,9679972,7321809,5322832,12701685808,6.74226,5.535,7.28394
DynamicPGM,4559895,4765404,4467936,1700504708,0.714426,0.746602,0.772693,BinarySearch,512
DynamicPGM,5355394,5326695,5224870,1705226068,0.754314,0.824024,0.780249,BinarySearch,64
DynamicPGM,5123740,4928982,5139896,1702558148,0.795826,0.713303,0.769447,BinarySearch,128
HybridPGMLIPP,17189709,14973963,12904594,14422940836,1.10331,1.03524,1.01329
HybridPGMLIPP,12263123,13214917,12335018,14422940836,1.07673,1.08458,1.07525
