index_name,build_time_ns1,build_time_ns2,build_time_ns3,index_size_bytes,insert_throughput_mops1,lookup_throughput_mops1,insert_throughput_mops2,lookup_throughput_mops2,insert_throughput_mops3,lookup_throughput_mops3,search_method,value
LIPP,8190837,6264451,4750015,12680726016,2.6083,9.60187,2.35628,8.14365,2.33231,8.21042
DynamicPGM,3954732,3996058,3920239,1700499508,6.66691,0.277911,7.09601,0.312798,6.82836,0.276925,LinearSearch,512
DynamicPGM,3970572,3957737,3986932,1700499508,6.79606,0.432266,6.89511,0.537864,6.80129,0.430411,BinarySearch,512
DynamicPGM,4315265,4316432,4252898,1701186528,6.77427,0.418964,6.91116,0.571494,6.86697,0.452711,ExponentialSearch,256
HybridPGMLIPP,5088517,5099495,5065159,1734624528,5.61732,0.511465,5.66758,0.550483,5.68599,0.507554,LinearSearch,16,3,adaptive
