index_name,build_time_ns1,build_time_ns2,build_time_ns3,index_size_bytes,mixed_throughput_mops1,mixed_throughput_mops2,mixed_throughput_mops3,search_method,value
LIPP,9254521,7816956,5049787,12658596576,2.44789,2.3451,2.50707
DynamicPGM,4544717,4520307,4510281,1700494088,2.34956,2.37585,2.44559,BinarySearch,512
DynamicPGM,5223643,5274561,5177199,1705154788,2.53636,2.49057,2.60651,BinarySearch,64
DynamicPGM,5116794,5146601,4786938,1702518488,2.3218,2.4833,2.74102,BinarySearch,128
HybridPGMLIPP,16704152,14707629,12561141,14379655444,1.20039,1.18743,1.16783,BinarySearch,16,1
HybridPGMLIPP,11829511,11822914,11628698,14379655444,1.2012,1.09887,1.18719,LinearSearch,16,1
