index_name,build_time_ns1,build_time_ns2,build_time_ns3,index_size_bytes,mixed_throughput_mops1,mixed_throughput_mops2,mixed_throughput_mops3,search_method,value
LIPP,9379134,7336364,5714089,12701685808,7.20669,6.97839,6.28132
DynamicPGM,4450551,4730907,4535328,1700504708,0.730922,0.714359,0.771735,BinarySearch,512
DynamicPGM,5219654,5368802,5129060,1705226068,0.777188,0.787084,0.858958,BinarySearch,64
DynamicPGM,5098304,5043382,5070253,1702558148,0.770998,0.818991,0.776668,BinarySearch,128
HybridPGMLIPP,16239070,14837251,12946040,14422940836,1.01607,0.867541,0.891412,BinarySearch,16,20
HybridPGMLIPP,12236349,12167156,11864704,14422940836,0.910926,0.797454,0.864154,LinearSearch,16,20
