index_name,build_time_ns1,build_time_ns2,build_time_ns3,index_size_bytes,mixed_throughput_mops1,mixed_throughput_mops2,mixed_throughput_mops3,search_method,value
HybridPGMLIPP,9678157,7252678,5164423,12687707968,2.22265,2.21734,2.21263,LinearSearch,16
HybridPGMLIPP,5147461,5170875,5177869,12687707968,2.3255,2.3405,2.30314,BinarySearch,16
LIPP,9276674,7036526,4923832,12700943088,18.2702,17.1021,16.4904
DynamicPGM,3885308,3867837,3853409,1700504708,0.900672,0.903413,0.850413,BinarySearch,512
DynamicPGM,4579350,4583842,4582172,1705226068,0.90962,0.909325,0.913065,BinarySearch,64
DynamicPGM,4284012,4271539,4273767,1702558148,0.831497,0.860441,0.844931,BinarySearch,128
