index_name,build_time_ns1,build_time_ns2,build_time_ns3,index_size_bytes,mixed_throughput_mops1,mixed_throughput_mops2,mixed_throughput_mops3,search_method,value
LIPP,7732697,5992505,4497535,12658596576,3.26561,2.68275,2.64762
DynamicPGM,3756819,3764243,3719741,1700494088,2.84097,3.32465,3.08561,BinarySearch,512
DynamicPGM,4409381,4448619,4442901,1705154788,2.9872,3.02602,3.01278,BinarySearch,64
DynamicPGM,4190746,4136324,4150970,1702518488,3.2476,3.13301,2.9829,BinarySearch,128
HybridPGMLIPP,5139556,5029613,5076106,1721061652,2.30056,1.99312,2.00061,BinarySearch,16,2,adaptive
HybridPGMLIPP,5299873,5033685,5047160,1721061844,2.02233,2.29931,2.02654,LinearSearch,16,2,adaptive
