index_name,build_time_ns1,build_time_ns2,build_time_ns3,index_size_bytes,mixed_throughput_mops1,mixed_throughput_mops2,mixed_throughput_mops3,search_method,value
LIPP,8093807,6362829,4762163,12701685808,7.65159,7.5486,6.59271
DynamicPGM,4038714,3931638,3971658,1700504708,0.854044,0.890543,0.845807,BinarySearch,512
DynamicPGM,4630561,4543744,4564644,1705226068,0.883612,0.943834,0.894802,BinarySearch,64
DynamicPGM,4420234,4406490,4417738,1702558148,0.864189,0.934576,0.859307,BinarySearch,128
HybridPGMLIPP,5161974,5198710,5104484,1721256180,0.762536,0.773293,0.779532,BinarySearch,16,12,adaptive
HybridPGMLIPP,5064211,5090054,5059970,1721256180,0.908999,0.977335,0.87105,LinearSearch,16,13,adaptive
