index_name,build_time_ns1,build_time_ns2,build_time_ns3,index_size_bytes,lookup_throughput_mops1,lookup_throughput_mops2,lookup_throughput_mops3,search_method,value
LIPP,11630744,8742504,5939558,12706615072,7.49753,5.69205,5.69107
DynamicPGM,5815335,5770451,5749854,1721297388,1.50717,1.48675,1.50795,LinearSearch,16
DynamicPGM,5093517,5088869,5097381,1702563708,1.29657,1.27338,1.27731,BinarySearch,128
DynamicPGM,5810470,5801701,5818601,1721297388,1.50621,1.52299,1.54975,BinarySearch,16
HybridPGMLIPP,11609242,8534354,5376900,12706615288,4.06311,3.97537,3.74761,LinearSearch,16,5
HybridPGMLIPP,5362306,5259890,5530931,12706615288,3.84323,3.34336,3.5487,BinarySearch,16,5
