index_name,build_time_ns1,build_time_ns2,build_time_ns3,index_size_bytes,insert_throughput_mops1,lookup_throughput_mops1,insert_throughput_mops2,lookup_throughput_mops2,insert_throughput_mops3,lookup_throughput_mops3,search_method,value
LIPP,7513291,5904501,4354643,12680726016,3.02849,12.1257,3.01651,10.2535,3.01563,11.0275
DynamicPGM,3732200,3727025,3747330,1700499508,6.97259,0.355751,7.20874,0.358628,6.9465,0.362416,LinearSearch,512
DynamicPGM,3726787,3739472,3735218,1700499508,7.16636,0.62436,7.16496,0.62159,7.15248,0.623902,BinarySearch,512
DynamicPGM,4063546,4067369,4065108,1701186528,7.10635,0.615938,7.17371,0.614532,7.17798,0.614795,ExponentialSearch,256
HybridPGMLIPP,5252051,5253158,5248615,1721135600,3.00239,0.704996,3.23459,0.665842,3.19674,0.683253
HybridPGMLIPP,5241868,5244127,5254281,1721135600,3.2359,0.662445,3.23757,0.663876,3.22022,0.662618
