index_name,build_time_ns1,build_time_ns2,build_time_ns3,index_size_bytes,insert_throughput_mops1,lookup_throughput_mops1,insert_throughput_mops2,lookup_throughput_mops2,insert_throughput_mops3,lookup_throughput_mops3,search_method,value
LIPP,8151904,6810071,4721435,12680726016,2.29415,10.2591,2.30016,8.21163,2.62745,9.07032
DynamicPGM,3886915,3978841,3928824,1700499508,6.7346,0.308608,6.90094,0.310751,6.69278,0.294452,LinearSearch,512
DynamicPGM,3895316,3878905,3913441,1700499508,6.36284,0.497025,6.84741,0.470147,6.81323,0.45511,BinarySearch,512
DynamicPGM,4160363,4534635,4195953,1701186528,6.87123,0.512096,6.90698,0.498734,6.83252,0.48587,ExponentialSearch,256
HybridPGMLIPP,8041669,6298001,4745036,12614496384,0.0618493,0.719965,0.0589213,0.662295,0.0574992,0.647532,LinearSearch,16,5
HybridPGMLIPP,5068803,5227881,5105187,12614496384,0.0588807,0.627832,0.056179,0.654652,0.060017,0.636844,BinarySearch,16,5
