index_name,build_time_ns1,build_time_ns2,build_time_ns3,index_size_bytes,insert_throughput_mops1,lookup_throughput_mops1,insert_throughput_mops2,lookup_throughput_mops2,insert_throughput_mops3,lookup_throughput_mops3,search_method,value
LIPP,8104244,6164060,4756280,12680726016,2.54453,9.80793,2.56423,8.88292,2.48923,8.45419
DynamicPGM,3934585,3933779,3871941,1700499508,6.66636,0.276335,6.87029,0.316026,6.85171,0.280668,LinearSearch,512
DynamicPGM,3902683,3900559,3893895,1700499508,6.83044,0.44447,6.88888,0.572159,6.70739,0.431909,BinarySearch,512
DynamicPGM,4289900,4258072,4235597,1701186528,6.83365,0.426692,6.96068,0.510092,6.86073,0.4209,ExponentialSearch,256
HybridPGMLIPP,5165636,5221248,4987706,1721135600,5.99406,0.527852,6.25199,0.528754,6.35601,0.604443,LinearSearch,16,2,adaptive
HybridPGMLIPP,5078541,5017508,4963451,1721135600,6.277,0.514077,6.47163,0.621303,6.30863,0.647533,BinarySearch,16,2,adaptive
