index_name,build_time_ns1,build_time_ns2,build_time_ns3,index_size_bytes,lookup_throughput_mops1,lookup_throughput_mops2,lookup_throughput_mops3,search_method,value
LIPP,7729842,6029363,4432384,12706615072,11.8033,10.2937,10.4781
DynamicPGM,4971860,4960229,5001419,1721297388,2.04452,2.0596,2.07076,LinearSearch,16
DynamicPGM,4287561,4301185,4311736,1702563708,1.69799,1.6857,1.65177,BinarySearch,128
DynamicPGM,4983381,4988994,4982039,1721297388,1.81497,1.81046,1.80399,BinarySearch,16
HybridPGMLIPP,5508503,5490715,5497422,1721297500,1.44546,1.46977,1.51551
HybridPGMLIPP,5585536,5460998,5626756,1721297500,1.4168,1.49465,1.42526
