index_name,build_time_ns1,build_time_ns2,build_time_ns3,index_size_bytes,lookup_throughput_mops1,lookup_throughput_mops2,lookup_throughput_mops3,search_method,value
HybridPGMLIPP,11187834,9655595,7797947,12705922488,153.808,79.6737,142.814,BinarySearch,16
HybridPGMLIPP,6783795,6328708,7232534,12705922488,71.249,136.738,138.732,LinearSearch,16
LIPP,9281025,7129131,5019010,12705922272,337.734,341.506,339.102
DynamicPGM,5144330,5007072,4991101,1721297388,1.14132,1.69604,1.70519,LinearSearch,16
DynamicPGM,4345462,4353102,4359541,1702563708,1.47937,1.47137,1.47459,BinarySearch,128
DynamicPGM,5008720,5006262,5002150,1721297388,1.71558,1.70208,1.69995,BinarySearch,16
