index_name,build_time_ns1,build_time_ns2,build_time_ns3,index_size_bytes,mixed_throughput_mops1,mixed_throughput_mops2,mixed_throughput_mops3,search_method,value
LIPP,8774477,7348074,5293754,12658596576,2.70244,2.60282,2.42067
DynamicPGM,4497692,4642744,4530901,1700494088,2.35047,2.23063,2.59756,BinarySearch,512
DynamicPGM,5240811,5362568,5297272,1705154788,2.54526,2.52054,2.86059,BinarySearch,64
DynamicPGM,5124599,5626509,5156165,1702518488,2.44423,2.52789,2.82871,BinarySearch,128
HybridPGMLIPP,16327104,14167724,12939974,14379655444,1.21928,1.31563,1.32258
HybridPGMLIPP,12449298,12055524,12119279,14379655444,1.23268,1.10598,1.14109
