index_name,build_time_ns1,build_time_ns2,build_time_ns3,index_size_bytes,insert_throughput_mops1,lookup_throughput_mops1,insert_throughput_mops2,lookup_throughput_mops2,insert_throughput_mops3,lookup_throughput_mops3,search_method,value
LIPP,9227901,6927582,5315346,12680726016,2.14199,8.87955,2.35355,8.38787,2.36957,7.98359
DynamicPGM,4629861,4569613,4615556,1700499508,5.67968,0.286115,5.77579,0.250663,5.78908,0.255439,LinearSearch,512
DynamicPGM,4531427,4580522,4612521,1700499508,5.82614,0.454037,5.78604,0.391277,5.76987,0.394772,BinarySearch,512
DynamicPGM,5007525,5004482,5029181,1701186528,5.77996,0.446528,5.73227,0.387801,5.74568,0.386202,ExponentialSearch,256
HybridPGMLIPP,17436420,15729558,14333996,14401861504,0.248116,0.565115,0.417619,0.544216,0.355883,0.53377,LinearSearch,16,8.879223,adaptive
HybridPGMLIPP,11491023,13375065,13308578,14401861504,0.33507,0.517151,0.341435,0.507028,0.354334,0.5355,BinarySearch,16,8.879223,adaptive
