index_name,build_time_ns1,build_time_ns2,build_time_ns3,index_size_bytes,mixed_throughput_mops1,mixed_throughput_mops2,mixed_throughput_mops3,search_method,value
LIPP,7947855,6345040,4631408,12658596576,2.95719,2.57289,2.58852
DynamicPGM,3926909,3899800,3846936,1700494088,2.73808,2.87194,3.0365,BinarySearch,512
DynamicPGM,4563949,4608386,4633384,1705154788,2.89795,2.92685,3.21015,BinarySearch,64
DynamicPGM,4302314,4308583,4310283,1702518488,3.07126,2.91009,2.93395,BinarySearch,128
HybridPGMLIPP,4934570,4979416,4981171,1734561796,2.72078,2.76176,3.0553,BinarySearch,16,3,adaptive
HybridPGMLIPP,5019151,5029099,5007129,1734561796,2.83362,2.85267,3.09617,LinearSearch,16,2,adaptive
