index_name,build_time_ns1,build_time_ns2,build_time_ns3,index_size_bytes,lookup_throughput_mops1,lookup_throughput_mops2,lookup_throughput_mops3,search_method,value
LIPP,8251471,7172807,5565938,12706615072,9.63411,7.04747,6.82216
DynamicPGM,5083268,5072617,5226366,1721297388,1.92137,1.93304,1.90653,LinearSearch,16
DynamicPGM,4453098,4368397,4342868,1702563708,1.41128,1.42262,1.44451,BinarySearch,128
DynamicPGM,5131381,5193853,5110246,1721297388,1.6331,1.68965,1.68961,BinarySearch,16
HybridPGMLIPP,5481370,5508667,5591407,1721297500,1.29623,1.36608,1.29886
HybridPGMLIPP,5486106,5478678,5508976,1721297500,1.28478,1.28705,1.07051
