index_name,build_time_ns1,build_time_ns2,build_time_ns3,index_size_bytes,mixed_throughput_mops1,mixed_throughput_mops2,mixed_throughput_mops3,search_method,value
LIPP,7912584,6142019,4597715,12658596576,2.64079,2.57223,2.89597
DynamicPGM,3757423,3774723,3728577,1700494088,2.83012,3.2123,3.00842,BinarySearch,512
DynamicPGM,4345050,4382776,4376250,1705154788,2.99053,3.02782,3.11023,BinarySearch,64
DynamicPGM,4160190,4175263,4222137,1702518488,3.08803,2.9455,2.95226,BinarySearch,128
HybridPGMLIPP,7699726,6020705,4710431,12540058688,0.0685112,0.0694294,0.06852,BinarySearch,16,5
HybridPGMLIPP,4579050,4632946,4529969,12540058688,0.0686738,0.0682344,0.0675392,LinearSearch,16,5
