index_name,build_time_ns1,build_time_ns2,build_time_ns3,index_size_bytes,mixed_throughput_mops1,mixed_throughput_mops2,mixed_throughput_mops3,search_method,value
LIPP,8989860,6961361,5085120,12658596576,2.39712,2.28126,2.97195
DynamicPGM,4038313,4045588,4017267,1700494088,2.44262,2.48636,2.53601,BinarySearch,512
DynamicPGM,4980896,5033262,4986393,1705154788,2.68704,2.70624,2.67479,BinarySearch,64
DynamicPGM,4419195,4402952,4471993,1702518488,2.63537,2.67267,2.62806,BinarySearch,128
HybridPGMLIPP,5883104,5760068,5785020,1690313100,10.1492,10.1346,10.71
HybridPGMLIPP,5797535,5757516,5737087,1690313100,11.4358,10.833,11.3159
