index_name,build_time_ns1,build_time_ns2,build_time_ns3,index_size_bytes,lookup_throughput_mops1,lookup_throughput_mops2,lookup_throughput_mops3,search_method,value
LIPP,7566649,5958669,4361358,12706615072,11.4098,10.7755,10.8066
DynamicPGM,4941716,4844894,4843464,1721297388,2.63202,2.63593,2.62552,LinearSearch,16
DynamicPGM,4264394,4196211,4196999,1702563708,1.87603,1.86576,1.87341,BinarySearch,128
DynamicPGM,4896541,4892923,4889775,1721297388,2.32618,2.32456,2.3224,BinarySearch,16
HybridPGMLIPP,5328162,5323328,5371347,1721297500,1.81282,1.81593,1.84241
HybridPGMLIPP,5317610,5317943,5310079,1721297500,1.73007,1.71285,1.72869
