index_name,build_time_ns1,build_time_ns2,build_time_ns3,index_size_bytes,insert_throughput_mops1,lookup_throughput_mops1,insert_throughput_mops2,lookup_throughput_mops2,insert_throughput_mops3,lookup_throughput_mops3,search_method,value
LIPP,9146262,7070875,5484326,12680726016,2.59003,9.69964,2.16758,7.46753,2.49523,8.99479
DynamicPGM,4439107,4486586,4345844,1700499508,5.9465,0.232043,5.99216,0.247258,5.89918,0.234353,LinearSearch,512
DynamicPGM,4657819,4500819,4392358,1700499508,5.83026,0.361539,6.18366,0.485095,6.03164,0.396804,BinarySearch,512
DynamicPGM,4931090,5150855,4751149,1701186528,5.7343,0.3379,6.07397,0.455886,6.08511,0.394567,ExponentialSearch,256
HybridPGMLIPP,16331283,14836823,12997383,14401861504,1.42572,0.742399,1.49683,0.709069,1.31445,0.667153,LinearSearch,16,5
HybridPGMLIPP,12043435,12335529,12067204,14401861504,1.44285,0.76434,1.39712,0.711896,1.30978,0.677823,BinarySearch,16,5
