index_name,build_time_ns1,build_time_ns2,build_time_ns3,index_size_bytes,lookup_throughput_mops1,lookup_throughput_mops2,lookup_throughput_mops3,search_method,value
LIPP,8143663,6428669,4718222,12706615072,9.52344,9.60071,8.22682
DynamicPGM,5432017,5114665,5070678,1721297388,1.95688,1.98654,1.95632,LinearSearch,16
DynamicPGM,4361630,4484064,4555423,1702563708,1.74378,1.53102,1.54636,BinarySearch,128
DynamicPGM,5171489,5090861,5116061,1721297388,2.13052,1.84303,1.77851,BinarySearch,16
HybridPGMLIPP,5076323,5110282,5129129,1734772396,1.31255,1.55608,1.32217,LinearSearch,16,1,adaptive
LIPP,8069775,6333814,4649342,12706615072,9.47729,8.03955,8.43421
DynamicPGM,4948140,4929940,4960996,1721297388,1.95884,1.97355,1.98386,LinearSearch,16
DynamicPGM,4359903,4282607,4286467,1702563708,1.59587,1.58956,1.59821,BinarySearch,128
DynamicPGM,5017219,5010766,5009707,1721297388,1.75659,1.73665,1.75889,BinarySearch,16
HybridPGMLIPP,4948824,5011884,5038265,1734772396,1.30079,1.30346,1.30668,LinearSearch,16,1,adaptive
HybridPGMLIPP,4925761,4989138,4975172,1734772396,1.2257,1.23789,1.227,BinarySearch,16,1,adaptive
