index_name,build_time_ns1,build_time_ns2,build_time_ns3,index_size_bytes,mixed_throughput_mops1,mixed_throughput_mops2,mixed_throughput_mops3,search_method,value
LIPP,9041065,7221241,5353336,12701685808,7.00361,7.5578,6.39761
DynamicPGM,4681450,4652050,4589592,1700504708,0.748368,0.812847,0.752467,BinarySearch,512
DynamicPGM,5414491,5393821,5352281,1705226068,0.783975,0.878617,0.787804,BinarySearch,64
DynamicPGM,5200039,5173453,5153975,1702558148,0.763936,0.829194,0.761185,BinarySearch,128
HybridPGMLIPP,17278185,15941737,14301166,14422940836,0.64111,0.709965,0.735216,BinarySearch,16,10.000000,adaptive
HybridPGMLIPP,16047330,14272461,12986612,14422940836,0.774607,0.707501,0.710153,LinearSearch,16,10.000000,adaptive
