index_name,build_time_ns1,build_time_ns2,build_time_ns3,index_size_bytes,insert_throughput_mops1,lookup_throughput_mops1,insert_throughput_mops2,lookup_throughput_mops2,insert_throughput_mops3,lookup_throughput_mops3,search_method,value
LIPP,9447024,7294738,5255035,12680726016,2.40633,8.99714,2.25633,7.83421,2.25588,7.64612
DynamicPGM,4555385,4448453,4636523,1700499508,5.92122,0.271721,6.0393,0.25019,5.80613,0.230273,LinearSearch,512
DynamicPGM,4376378,4524510,4550679,1700499508,6.00698,0.38744,5.84927,0.375852,5.90697,0.379361,BinarySearch,512
DynamicPGM,4727110,5024998,4809648,1701186528,5.98207,0.365536,5.93838,0.372185,6.19018,0.448826,ExponentialSearch,256
HybridPGMLIPP,16665557,14423114,12439130,14401861504,1.53374,0.835092,1.43429,0.705525,1.40229,0.789861
HybridPGMLIPP,12081454,11965591,11899469,14401861504,1.43127,0.710193,1.39578,0.690886,1.42586,0.748199
