index_name,build_time_ns1,build_time_ns2,build_time_ns3,index_size_bytes,mixed_throughput_mops1,mixed_throughput_mops2,mixed_throughput_mops3,search_method,value
LIPP,8189778,6228356,4614710,12658596576,2.40974,2.71784,2.68183
DynamicPGM,4006891,4168257,3935839,1700494088,2.53589,2.80324,2.85886,BinarySearch,512
DynamicPGM,4426410,4570330,4459814,1705154788,3.04038,3.00914,2.97971,BinarySearch,64
DynamicPGM,4378755,4469424,4279855,1702518488,2.7408,2.98088,3.06757,BinarySearch,128
HybridPGMLIPP,7962486,6223670,4883128,12540058688,0.0664237,0.0663571,0.0667666,BinarySearch,16,5
HybridPGMLIPP,4676689,5062862,5230009,12540058688,0.0664406,0.0672346,0.0661144,LinearSearch,16,5
