index_name,build_time_ns1,build_time_ns2,build_time_ns3,index_size_bytes,insert_throughput_mops1,lookup_throughput_mops1,insert_throughput_mops2,lookup_throughput_mops2,insert_throughput_mops3,lookup_throughput_mops3,search_method,value
LIPP,7589978,6013425,4396462,12680726016,2.94533,11.688,2.56595,9.05299,2.73563,10.3998
DynamicPGM,3806651,3833791,3804314,1700499508,6.90356,0.316906,7.14039,0.320358,7.05744,0.338449,LinearSearch,512
DynamicPGM,3807146,3796383,3783728,1700499508,7.09868,0.560477,7.06846,0.575755,6.99171,0.598384,BinarySearch,512
DynamicPGM,4057905,4047600,4062107,1701186528,7.10253,0.54798,7.24599,0.54775,7.1961,0.577285,ExponentialSearch,256
HybridPGMLIPP,5365727,5338100,5396113,1704086240,129.924,1.54056,128.842,1.5525,129.823,1.56342
HybridPGMLIPP,5523811,5610098,5364604,1704086240,129.822,1.38779,129.355,1.49388,127.601,1.52024
