index_name,build_time_ns1,build_time_ns2,build_time_ns3,index_size_bytes,mixed_throughput_mops1,mixed_throughput_mops2,mixed_throughput_mops3,search_method,value
LIPP,8043749,6086475,4719422,12658596576,2.83609,2.72372,2.5734
DynamicPGM,3905740,3947567,3896785,1700494088,2.74399,3.01276,2.77061,BinarySearch,512
DynamicPGM,4560950,4520407,4450884,1705154788,2.91262,2.9174,3.0502,BinarySearch,64
DynamicPGM,4420932,4380005,4368866,1702518488,2.89573,2.91968,3.2055,BinarySearch,128
HybridPGMLIPP,4973647,4988403,5141257,1721058980,3.02421,2.87824,2.80572,BinarySearch,16,1,adaptive
HybridPGMLIPP,5060897,5030418,4976079,1721058980,2.87449,3.1659,2.97586,LinearSearch,16,1,adaptive
