index_name,build_time_ns1,build_time_ns2,build_time_ns3,index_size_bytes,mixed_throughput_mops1,mixed_throughput_mops2,mixed_throughput_mops3,search_method,value
LIPP,7531746,5895860,4505874,12701685808,9.30569,8.29825,7.02713
DynamicPGM,3833763,3955197,3826436,1700504708,0.949858,0.949603,0.94282,BinarySearch,512
DynamicPGM,4370093,4356290,4360361,1705226068,1.06722,1.06578,1.07355,BinarySearch,64
DynamicPGM,4192240,4196641,4187998,1702558148,1.03209,1.03106,1.03081,BinarySearch,128
HybridPGMLIPP,5298264,5283703,5277298,1721255140,0.960382,0.950381,0.948709
HybridPGMLIPP,5326612,5379389,5290802,1721255140,0.978345,0.966783,0.96724
