index_name,build_time_ns1,build_time_ns2,build_time_ns3,index_size_bytes,insert_throughput_mops1,lookup_throughput_mops1,insert_throughput_mops2,lookup_throughput_mops2,insert_throughput_mops3,lookup_throughput_mops3,search_method,value
LIPP,7983039,6368725,4619418,12680726016,2.62592,10.2582,2.4286,8.2938,2.56455,8.61042
DynamicPGM,3891930,3914025,3930696,1700499508,6.65439,0.275793,6.69589,0.304992,6.7892,0.302976,LinearSearch,512
DynamicPGM,3937015,3889188,3865833,1700499508,6.82839,0.439769,6.83603,0.590262,6.81724,0.446671,BinarySearch,512
DynamicPGM,4281714,4276931,4225611,1701186528,6.80098,0.426272,6.96011,0.56006,6.91907,0.471593,ExponentialSearch,256
HybridPGMLIPP,4996351,5092852,5118014,1734624528,6.00287,0.567673,6.16501,0.530145,6.23244,0.678014,LinearSearch,16,1,adaptive
HybridPGMLIPP,5004313,5095907,5097958,1734624528,6.22642,0.522761,5.94151,0.49158,6.04835,0.626,BinarySearch,16,1,adaptive
