index_name,build_time_ns1,build_time_ns2,build_time_ns3,index_size_bytes,insert_throughput_mops1,lookup_throughput_mops1,insert_throughput_mops2,lookup_throughput_mops2,insert_throughput_mops3,lookup_throughput_mops3,search_method,value
LIPP,9032889,7111378,5453954,12680726016,2.25354,7.99446,2.09856,7.22487,2.05843,6.95485
DynamicPGM,3883255,3833082,3995733,1700499508,6.85575,0.266925,6.86107,0.229707,6.90027,0.241318,LinearSearch,512
DynamicPGM,3953884,3992606,4024016,1700499508,6.93017,0.352777,6.93601,0.34763,6.88604,0.352934,BinarySearch,512
DynamicPGM,4303291,4275137,4325058,1701186528,6.77022,0.353641,6.95651,0.348871,6.86309,0.351976,ExponentialSearch,256
HybridPGMLIPP,5773659,5817043,5840707,1704086240,117.362,1.16013,117.476,1.13008,120.037,1.14267
HybridPGMLIPP,5826437,5820987,5820962,1704086240,119.097,1.09277,116.887,1.09529,119.036,1.0862
