index_name,build_time_ns1,build_time_ns2,build_time_ns3,index_size_bytes,lookup_throughput_mops1,lookup_throughput_mops2,lookup_throughput_mops3,search_method,value
LIPP,9183588,7157927,5341932,12706615072,10.5892,8.10135,8.20025
DynamicPGM,5888165,5955426,5971487,1721297388,1.91418,1.81136,1.78981,LinearSearch,16
DynamicPGM,5525500,5445822,5488679,1702563708,1.6013,1.41128,1.43283,BinarySearch,128
DynamicPGM,5959394,5916894,5989724,1721297388,1.77504,1.59529,1.61068,BinarySearch,16
HybridPGMLIPP,17195910,15914535,14156798,14427912460,0.8748,1.01687,0.936217,LinearSearch,16,1.000000,adaptive
HybridPGMLIPP,13844730,13920686,13235610,14427912460,0.915741,0.983063,0.835271,BinarySearch,16,1.000000,adaptive
