index_name,build_time_ns1,build_time_ns2,build_time_ns3,index_size_bytes,mixed_throughput_mops1,mixed_throughput_mops2,mixed_throughput_mops3,search_method,value
LIPP,11151239,8337127,5183856,12701685808,6.05931,5.00555,5.01082
DynamicPGM,4437143,4434138,4425052,1700504708,0.875074,0.87328,0.870101,BinarySearch,512
DynamicPGM,5057171,5046390,5055261,1705226068,0.919508,0.915459,0.923265,BinarySearch,64
DynamicPGM,4911548,4923872,4909254,1702558148,0.906779,0.919258,0.913889,BinarySearch,128
HybridPGMLIPP,6217431,6168602,6152923,1717855140,1.36797,1.37982,1.39897
HybridPGMLIPP,6150292,6134170,6159192,1717855140,1.40322,1.41388,1.42296
