index_name,build_time_ns1,build_time_ns2,build_time_ns3,index_size_bytes,insert_throughput_mops1,lookup_throughput_mops1,insert_throughput_mops2,lookup_throughput_mops2,insert_throughput_mops3,lookup_throughput_mops3,search_method,value
LIPP,7806506,6240166,4429252,12680726016,2.36843,9.15924,2.45739,7.66101,2.65785,8.06619
DynamicPGM,4020893,3927508,4005095,1700499508,6.93299,0.318117,7.08316,0.314768,7.03539,0.296805,LinearSearch,512
DynamicPGM,3982735,3924879,3946183,1700499508,7.08217,0.517936,7.08654,0.50032,7.04803,0.441122,BinarySearch,512
DynamicPGM,4262512,4258821,4240193,1701186528,7.09387,0.432522,7.2178,0.509132,7.1631,0.437231,ExponentialSearch,256
HybridPGMLIPP,7719312,6288016,4628507,12614496384,0.0607492,0.780248,0.0621527,0.639514,0.0621356,0.635559,LinearSearch,16,5
HybridPGMLIPP,4459488,4593968,4638864,12614496384,0.060634,0.706929,0.0612142,0.706295,0.0615202,0.646189,BinarySearch,16,5
