index_name,build_time_ns1,build_time_ns2,build_time_ns3,index_size_bytes,mixed_throughput_mops1,mixed_throughput_mops2,mixed_throughput_mops3,search_method,value
LIPP,8032902,6211607,4667147,12658596576,2.82702,2.72179,2.64899
DynamicPGM,3929591,3870625,3882362,1700494088,2.79322,2.80472,2.94153,BinarySearch,512
DynamicPGM,4547201,4619980,4706217,1705154788,2.9206,2.94718,2.94434,BinarySearch,64
DynamicPGM,4324912,4289636,4418247,1702518488,3.10885,2.87828,2.87274,BinarySearch,128
HybridPGMLIPP,5176156,4950864,5008000,1721058980,2.51601,2.43537,2.44272,BinarySearch,16,1,adaptive
HybridPGMLIPP,4957253,5079654,5013598,1721058980,2.43699,2.40852,2.05293,LinearSearch,16,1,adaptive
