index_name,build_time_ns1,build_time_ns2,build_time_ns3,index_size_bytes,mixed_throughput_mops1,mixed_throughput_mops2,mixed_throughput_mops3,search_method,value
LIPP,8983922,6874987,5215481,12658596576,2.34746,2.70478,2.56059
DynamicPGM,4481719,4525564,4557901,1700494088,2.59076,2.46513,2.47496,BinarySearch,512
DynamicPGM,5301774,5221407,5276478,1705154788,2.74285,2.6639,2.56542,BinarySearch,64
DynamicPGM,5282863,5272398,5230735,1702518488,2.53022,2.76788,2.53309,BinarySearch,128
HybridPGMLIPP,17110178,15543544,13935315,14379655444,0.806713,1.1558,1.11541,BinarySearch,16,1.456811,adaptive
HybridPGMLIPP,15317889,13951211,12706853,14379655444,0.981424,0.850711,1.01205,LinearSearch,16,1.515666,adaptive
