index_name,build_time_ns1,build_time_ns2,build_time_ns3,index_size_bytes,insert_throughput_mops1,lookup_throughput_mops1,insert_throughput_mops2,lookup_throughput_mops2,insert_throughput_mops3,lookup_throughput_mops3,search_method,value
LIPP,11350446,8777156,5652348,12680726016,1.70543,6.94933,1.60552,5.7064,1.64108,5.686
DynamicPGM,4574016,4557292,4564011,1700499508,6.20106,0.201126,6.48647,0.203005,6.41197,0.203593,LinearSearch,512
DynamicPGM,4577000,4541937,4559230,1700499508,6.43943,0.34397,6.46278,0.346288,6.46082,0.345158,BinarySearch,512
DynamicPGM,4829564,4806248,4820018,1701186528,6.47639,0.321041,6.76284,0.453582,6.64173,0.329203,ExponentialSearch,256
HybridPGMLIPP,11765827,8599235,5497553,12614496384,0.0490447,0.519849,0.0487246,0.492198,0.0481452,0.488947,LinearSearch,16,5
HybridPGMLIPP,5484562,5537565,5603811,12614496384,0.0482146,0.490433,0.0475817,0.476208,0.0475238,0.489508,BinarySearch,16,5
