index_name,build_time_ns1,build_time_ns2,build_time_ns3,index_size_bytes,lookup_throughput_mops1,lookup_throughput_mops2,lookup_throughput_mops3,search_method,value
LIPP,9625645,6898979,5676388,12706615072,8.08418,7.90588,7.88675
DynamicPGM,5861470,5730531,5955175,1721297388,1.83782,1.71931,1.80395,LinearSearch,16
DynamicPGM,5326122,5132049,5251418,1702563708,1.55429,1.36852,1.31123,BinarySearch,128
DynamicPGM,5917497,5878206,6028017,1721297388,1.71674,1.58049,1.60979,BinarySearch,16
HybridPGMLIPP,16674236,15031228,13833303,14427912460,1.90459,1.63716,1.58092
HybridPGMLIPP,12205687,12713954,12270707,14427912460,1.78421,1.77223,1.7633
