index_name,build_time_ns1,build_time_ns2,build_time_ns3,index_size_bytes,mixed_throughput_mops1,mixed_throughput_mops2,mixed_throughput_mops3,search_method,value
LIPP,12015915,8521039,5420867,12658596576,2.01225,1.80028,1.81078
DynamicPGM,4519169,4509233,4505593,1700494088,2.40465,2.41494,2.43214,BinarySearch,512
DynamicPGM,5126040,5133139,5112031,1705154788,2.61198,2.62326,2.63557,BinarySearch,64
DynamicPGM,4978651,4978382,4986585,1702518488,2.59446,2.61156,2.61767,BinarySearch,128
HybridPGMLIPP,11660727,8389375,5334087,12540058688,0.054209,0.0547909,0.0547434,BinarySearch,16,5
HybridPGMLIPP,5352981,5190177,5423479,12540058688,0.0562456,0.0557672,0.0541849,LinearSearch,16,5
