index_name,build_time_ns1,build_time_ns2,build_time_ns3,index_size_bytes,lookup_throughput_mops1,lookup_throughput_mops2,lookup_throughput_mops3,search_method,value
LIPP,9492654,6876020,5563839,12706615072,9.12776,7.91184,7.44574
DynamicPGM,5787811,5849280,5958152,1721297388,1.86608,1.68912,2.07482,LinearSearch,16
DynamicPGM,4933867,5145073,5030549,1702563708,1.39032,1.40544,1.47512,BinarySearch,128
DynamicPGM,5771972,5807725,5863859,1721297388,1.64743,1.5615,1.79499,BinarySearch,16
HybridPGMLIPP,16440269,14453034,12663284,14427912460,1.7059,1.42644,1.48058,LinearSearch,16,1
HybridPGMLIPP,11861037,12053583,12562065,14427912460,1.38715,1.41731,1.35046,BinarySearch,16,1
