index_name,build_time_ns1,build_time_ns2,build_time_ns3,index_size_bytes,lookup_throughput_mops1,lookup_throughput_mops2,lookup_throughput_mops3,search_method,value
LIPP,7834658,6354759,4587971,12706615072,9.81165,9.90218,8.44689
DynamicPGM,5076962,5013811,5013818,1721297388,1.92877,1.95245,2.34729,LinearSearch,16
DynamicPGM,4219425,4255778,4286350,1702563708,1.6831,1.51136,1.533,BinarySearch,128
DynamicPGM,4946315,4922763,4971654,1721297388,2.03674,1.80816,1.75106,BinarySearch,16
HybridPGMLIPP,8053827,6355489,4634805,12706615288,6.13268,4.76061,5.6613,LinearSearch,16,5
HybridPGMLIPP,4627526,4529179,4652959,12706615288,4.81042,5.3348,4.78708,BinarySearch,16,5
