index_name,build_time_ns1,build_time_ns2,build_time_ns3,index_size_bytes,mixed_throughput_mops1,mixed_throughput_mops2,mixed_throughput_mops3,search_method,value
LIPP,7459498,5817891,4299278,12658596576,3.25489,3.30438,3.2933
DynamicPGM,3738257,3704611,3705846,1700494088,3.28658,3.31745,3.32896,BinarySearch,512
DynamicPGM,4400689,4399556,4402075,1705154788,3.39961,3.44618,3.43707,BinarySearch,64
DynamicPGM,4137992,4157479,4131780,1702518488,3.43526,3.43259,3.43625,BinarySearch,128
HybridPGMLIPP,5214587,5206995,5199605,1721058980,1.74973,1.77984,1.81581
HybridPGMLIPP,5272300,5256759,5260139,1721058980,1.83184,1.82417,1.8092
