index_name,build_time_ns1,build_time_ns2,build_time_ns3,index_size_bytes,mixed_throughput_mops1,mixed_throughput_mops2,mixed_throughput_mops3,search_method,value
LIPP,8000694,6309374,4770635,12701685808,7.87125,6.63517,6.51141
DynamicPGM,4096593,4124855,3918151,1700504708,0.730358,0.925864,0.886394,BinarySearch,512
DynamicPGM,4514314,4498674,4492315,1705226068,0.918659,0.909456,0.881128,BinarySearch,64
DynamicPGM,4360553,4372922,4327955,1702558148,0.886209,0.877825,0.871158,BinarySearch,128
HybridPGMLIPP,5895463,5432733,5446800,1717855140,1.76295,1.52515,1.51225
HybridPGMLIPP,5436006,5527549,5532363,1717855140,1.61596,1.53474,1.57773
