index_name,build_time_ns1,build_time_ns2,build_time_ns3,index_size_bytes,insert_throughput_mops1,lookup_throughput_mops1,insert_throughput_mops2,lookup_throughput_mops2,insert_throughput_mops3,lookup_throughput_mops3,search_method,value
LIPP,7583505,6102130,4380096,12680726016,2.62869,9.96062,2.44018,8.56903,2.69566,9.05404
DynamicPGM,3753345,3790655,3779396,1700499508,6.83604,0.302618,6.98625,0.293355,6.90728,0.331575,LinearSearch,512
DynamicPGM,3731417,3759806,3793334,1700499508,7.01615,0.532952,6.97188,0.450777,6.9515,0.455093,BinarySearch,512
DynamicPGM,4128732,4072337,4090593,1701186528,7.04571,0.607583,7.11217,0.505075,7.06361,0.43341,ExponentialSearch,256
HybridPGMLIPP,5018501,5029017,5106568,1734624528,5.70977,0.547677,5.86706,0.513155,5.83807,0.495522,LinearSearch,16,1,adaptive
HybridPGMLIPP,5110021,5121013,5025174,1734624528,5.85044,0.517481,5.8994,0.463621,5.84206,0.465578,BinarySearch,16,0,adaptive
