index_name,build_time_ns1,build_time_ns2,build_time_ns3,index_size_bytes,mixed_throughput_mops1,mixed_throughput_mops2,mixed_throughput_mops3,search_method,value
LIPP,11009778,8114504,5140279,12658596576,2.14573,1.94977,2.0276
DynamicPGM,4369003,4371149,4365675,1700494088,2.81089,2.86565,2.88218,BinarySearch,512
DynamicPGM,4953061,4961817,4953954,1705154788,2.88198,2.94615,2.95881,BinarySearch,64
DynamicPGM,4914588,4913987,4924702,1702518488,2.9575,2.94456,2.96258,BinarySearch,128
HybridPGMLIPP,6063847,6230577,6046727,1690313100,12.4566,12.0947,11.875
HybridPGMLIPP,6011974,6027812,6030903,1690313100,11.8046,12.054,11.8124
