index_name,build_time_ns1,build_time_ns2,build_time_ns3,index_size_bytes,mixed_throughput_mops1,mixed_throughput_mops2,mixed_throughput_mops3,search_method,value
LIPP,7898618,6419178,4573935,12701685808,8.16271,6.55948,7.23012
DynamicPGM,3930797,4093223,3960675,1700504708,0.934745,0.864881,0.854346,BinarySearch,512
DynamicPGM,4592713,4547227,4627834,1705226068,1.05127,0.889966,0.889028,BinarySearch,64
DynamicPGM,4403745,4432666,4420331,1702558148,0.945641,0.866971,1.00178,BinarySearch,128
HybridPGMLIPP,5120003,5276754,5163384,1734717844,0.870178,0.828419,0.93962,BinarySearch,16,1,adaptive
HybridPGMLIPP,5061714,5144283,5246184,1734717844,0.925883,0.882269,1.02372,LinearSearch,16,1,adaptive
