index_name,build_time_ns1,build_time_ns2,build_time_ns3,index_size_bytes,mixed_throughput_mops1,mixed_throughput_mops2,mixed_throughput_mops3,search_method,value
LIPP,8003923,6330109,4730776,12701685808,7.79227,6.67778,7.10903
DynamicPGM,3861837,3801726,3831294,1700504708,0.905544,0.921252,0.918661,BinarySearch,512
DynamicPGM,4571042,4588785,4557826,1705226068,0.992863,0.948648,0.948217,BinarySearch,64
DynamicPGM,4315687,4302294,4279019,1702558148,0.948012,0.945758,0.956163,BinarySearch,128
HybridPGMLIPP,5369215,5334617,5439313,1717855140,1.68415,1.84729,1.62008
HybridPGMLIPP,5487471,5423729,5424973,1717855140,1.73172,1.74883,1.72362
