index_name,build_time_ns1,build_time_ns2,build_time_ns3,index_size_bytes,lookup_throughput_mops1,lookup_throughput_mops2,lookup_throughput_mops3,search_method,value
LIPP,11186714,8366258,5282696,12706615072,7.467,6.05132,6.22395
DynamicPGM,5559070,5543077,5552011,1721297388,1.71838,1.73567,1.66495,LinearSearch,16
DynamicPGM,4897996,4901944,4917550,1702563708,1.68959,1.67963,1.61409,BinarySearch,128
DynamicPGM,5582616,5565723,5572836,1721297388,1.70238,1.73859,1.73487,BinarySearch,16
HybridPGMLIPP,6155709,6182158,6133316,1721297500,1.16023,1.18969,1.19706
HybridPGMLIPP,6165238,6169885,6171617,1721297500,1.21501,1.19096,1.20167
