index_name,build_time_ns1,build_time_ns2,build_time_ns3,index_size_bytes,insert_throughput_mops1,lookup_throughput_mops1,insert_throughput_mops2,lookup_throughput_mops2,insert_throughput_mops3,lookup_throughput_mops3,search_method,value
HybridPGMLIPP,9828297,7240973,5205525,12598930832,6.679,1.36616,6.91319,1.36175,6.91996,1.3301,LinearSearch,16
HybridPGMLIPP,5147349,5178709,5173970,12598930832,6.94145,1.42055,6.9201,1.38819,6.92632,1.36477,BinarySearch,16
LIPP,9161711,6983096,4913365,12680030336,2.10139,342.858,1.75858,340.471,1.81362,343.036
DynamicPGM,3850033,3842483,3848519,1700499508,6.77857,0.252263,7.22792,0.264405,7.20287,0.237644,LinearSearch,512
DynamicPGM,3837491,3854918,3836240,1700499508,7.25618,0.406135,7.23611,0.425151,7.24883,0.413182,BinarySearch,512
DynamicPGM,4070494,4080189,4076052,1701186528,7.24566,0.368256,7.31519,0.365449,7.32963,0.368599,ExponentialSearch,256
