index_name,build_time_ns1,build_time_ns2,build_time_ns3,index_size_bytes,mixed_throughput_mops1,mixed_throughput_mops2,mixed_throughput_mops3,search_method,value
LIPP,8290931,6308541,4887568,12701685808,7.49154,7.16208,6.96903
DynamicPGM,3877642,3880988,3902758,1700504708,0.869404,0.883159,0.863386,BinarySearch,512
DynamicPGM,4620975,4630487,4907147,1705226068,0.942456,0.940425,0.812694,BinarySearch,64
DynamicPGM,5120913,5086423,4866751,1702558148,0.79356,0.778119,0.848468,BinarySearch,128
HybridPGMLIPP,8187826,6495002,4688213,12688451648,0.395566,0.394026,0.386675,BinarySearch,16,10
HybridPGMLIPP,4946706,5093865,5107064,12688451648,0.398834,0.395857,0.373119,LinearSearch,16,10
