index_name,build_time_ns1,build_time_ns2,build_time_ns3,index_size_bytes,lookup_throughput_mops1,lookup_throughput_mops2,lookup_throughput_mops3,search_method,value
LIPP,8046145,6318599,4750394,12706615072,10.4493,9.00978,8.79029
DynamicPGM,5007188,4956943,5130416,1721297388,2.10849,2.04164,2.02734,LinearSearch,16
DynamicPGM,4873194,4719342,4772798,1702563708,1.6583,1.58789,1.67293,BinarySearch,128
DynamicPGM,5047112,5135671,4984061,1721297388,1.80936,1.79588,1.83265,BinarySearch,16
HybridPGMLIPP,8023407,6550989,4693588,12706615288,5.91724,4.80727,4.98613,LinearSearch,16,5
HybridPGMLIPP,4692819,4678481,4767260,12706615288,5.15528,4.83849,5.28482,BinarySearch,16,5
