index_name,build_time_ns1,build_time_ns2,build_time_ns3,index_size_bytes,mixed_throughput_mops1,mixed_throughput_mops2,mixed_throughput_mops3,search_method,value
HybridPGMLIPP,10480904,7232692,5157784,12509817933,5.03181,5.11506,5.13381,BinarySearch,16
HybridPGMLIPP,5135269,5127857,5130235,12509817933,5.07434,5.0553,5.07343,LinearSearch,16
LIPP,9112420,6826883,4813858,12657902832,2.32289,2.05615,2.04374
DynamicPGM,4204287,3871596,3874532,1700494088,2.34162,2.84925,2.82427,BinarySearch,512
DynamicPGM,4507932,4503602,4506956,1705154788,3.0716,3.08146,3.08571,BinarySearch,64
DynamicPGM,4212926,4205389,4208064,1702518488,2.9111,2.88003,2.89513,BinarySearch,128
