index_name,build_time_ns1,build_time_ns2,build_time_ns3,index_size_bytes,mixed_throughput_mops1,mixed_throughput_mops2,mixed_throughput_mops3,search_method,value
LIPP,7703788,6079929,4541216,12658596576,2.98565,2.80339,2.76561
DynamicPGM,3758655,3758545,3709317,1700494088,3.10202,3.16429,3.29491,BinarySearch,512
DynamicPGM,4370887,4346605,4337973,1705154788,3.13423,3.18129,3.25808,BinarySearch,64
DynamicPGM,4187645,4144158,4198992,1702518488,3.19812,3.16431,3.24111,BinarySearch,128
HybridPGMLIPP,5309971,5430452,5381598,1690313100,12.9754,14.2607,14.2301
HybridPGMLIPP,5311547,5349283,5337152,1690313100,16.48,16.4687,16.4924
