index_name,build_time_ns1,build_time_ns2,build_time_ns3,index_size_bytes,lookup_throughput_mops1,lookup_throughput_mops2,lookup_throughput_mops3,search_method,value
LIPP,8602351,6510895,4654802,12706615072,10.2784,9.72947,8.74714
DynamicPGM,5092335,5046975,5050585,1721297388,1.98467,2.12508,1.96813,LinearSearch,16
DynamicPGM,4565862,4476809,4452083,1702563708,1.60349,1.83512,1.6808,BinarySearch,128
DynamicPGM,5063000,5134620,5062100,1721297388,1.75268,1.7478,1.87374,BinarySearch,16
HybridPGMLIPP,5036506,5049897,5065676,1734772396,1.54316,1.46262,1.78504,LinearSearch,16,1,adaptive
HybridPGMLIPP,5036485,5212395,5082811,1734772396,1.43657,1.32545,1.68018,BinarySearch,16,1,adaptive
