index_name,build_time_ns1,build_time_ns2,build_time_ns3,index_size_bytes,lookup_throughput_mops1,lookup_throughput_mops2,lookup_throughput_mops3,search_method,value
LIPP,11760091,8115738,6367618,20629125376,7.31791,6.68031,6.63055
DynamicPGM,4664136,4716733,4674180,1716194548,2.23099,2.04005,2.04422,BinarySearch,16
DynamicPGM,4397961,4377697,4423783,1707696288,1.97947,1.96934,2.02236,BinarySearch,32
DynamicPGM,4653251,4676409,4698761,1716194548,2.24675,2.27907,2.1705,LinearSearch,16
HybridPGMLIPP,5213460,5235018,5210448,1716194660,1.42624,1.42224,1.46958
HybridPGMLIPP,5187365,5158539,5153086,1716194660,1.58646,1.54752,1.51767
