index_name,build_time_ns1,build_time_ns2,build_time_ns3,index_size_bytes,mixed_throughput_mops1,mixed_throughput_mops2,mixed_throughput_mops3,search_method,value
LIPP,16040082,9764926,7094340,20407916384,0.895476,1.62738,1.7985
BTree,1448924,1178909,1143868,2365640552,0.89926,1.00808,1.01495,LinearSearch,8
BTree,952090,934932,939334,2513674168,0.930073,0.940726,0.952127,LinearSearch,6
BTree,470811,472828,470715,2764350832,0.73828,0.739741,0.75097,LinearAVX,10
DynamicPGM,4701005,4640698,4651490,1700923308,2.924,2.91724,2.9688,BinarySearch,256
DynamicPGM,4871053,4855534,4834047,1703722528,2.91744,2.95456,2.9581,BinarySearch,64
DynamicPGM,4758856,4766952,4782440,1701839468,2.90463,2.96388,2.98341,BinarySearch,128
LIPP,17640087,19563897,9627890,20407916384,0.477572,0.889726,1.47346
