index_name,build_time_ns1,build_time_ns2,build_time_ns3,index_size_bytes,mixed_throughput_mops1,mixed_throughput_mops2,mixed_throughput_mops3,search_method,value
LIPP,15586929,9606794,7110674,20602223600,4.32836,4.37074,4.47951
BTree,1425628,1408295,1393134,1956115776,1.16934,1.3728,1.55898,LinearSearch,8
BTree,1136181,1171760,1149478,2197309992,1.45797,1.43586,1.58353,LinearSearch,6
BTree,488056,490293,491571,1881879368,1.20541,1.16466,1.1959,LinearAVX,10
DynamicPGM,4455263,4412632,4408293,1700920448,1.06202,1.07862,1.08938,BinarySearch,256
DynamicPGM,4578359,4836957,4525262,1703719948,1.11128,1.08636,1.15297,BinarySearch,64
DynamicPGM,4490136,4467067,4472542,1701834188,1.12472,1.13435,1.10428,BinarySearch,128
