index_name,build_time_ns1,build_time_ns2,build_time_ns3,index_size_bytes,mixed_throughput_mops1,mixed_throughput_mops2,mixed_throughput_mops3,search_method,value
LIPP,11083205,8174863,6851110,20602223600,3.49961,3.32455,3.42089
BTree,977084,962561,792707,1956115776,1.52128,1.55283,1.58071,LinearSearch,8
BTree,812351,811517,801998,2197309992,1.42087,1.45566,1.45965,LinearSearch,6
BTree,279904,274051,275959,1881879368,1.27179,1.28276,1.27055,LinearAVX,10
DynamicPGM,3701019,3695076,3702503,1700920448,1.04697,1.04737,1.04805,BinarySearch,256
DynamicPGM,3868506,3868875,3866757,1703719948,1.11873,1.12236,1.13538,BinarySearch,64
DynamicPGM,3764485,3781492,3785461,1701834188,1.08935,1.09629,1.09012,BinarySearch,128
