index_name,build_time_ns1,build_time_ns2,build_time_ns3,index_size_bytes,mixed_throughput_mops1,mixed_throughput_mops2,mixed_throughput_mops3,search_method,value
LIPP,13944501,8772674,6541887,20407916384,2.0133,1.91989,1.9257
BTree,1317517,1130850,1084362,2365640552,0.96325,1.07427,1.09145,LinearSearch,8
BTree,908325,910645,910424,2513674168,0.981451,1.00079,0.991799,LinearSearch,6
BTree,467456,466065,466911,2764350832,0.758432,0.759981,0.75738,LinearAVX,10
DynamicPGM,4095567,4077728,4058109,1700923308,3.04755,3.1821,3.13115,BinarySearch,256
DynamicPGM,4223517,4234375,4199668,1703722528,3.17893,3.19949,3.18549,BinarySearch,64
DynamicPGM,4121300,4120096,4116169,1701839468,3.20972,3.20831,3.20212,BinarySearch,128
