index_name,build_time_ns1,build_time_ns2,build_time_ns3,index_size_bytes,insert_throughput_mops1,lookup_throughput_mops1,insert_throughput_mops2,lookup_throughput_mops2,insert_throughput_mops3,lookup_throughput_mops3,search_method,value
LIPP,17343625,10271495,7178398,20506973408,1.61443,5.46959,1.55859,5.03175,1.53436,4.96936
DynamicPGM,4461472,4467067,4467669,1700238828,5.67534,0.143792,6.02056,0.146981,5.77231,0.147622,LinearSearch,1024
DynamicPGM,4441794,4451764,4448401,1700238828,6.00757,0.498799,5.97223,0.499526,5.96651,0.517111,BinarySearch,1024
DynamicPGM,4442813,4436474,4434340,1700238828,6.01281,0.288521,5.98669,0.287076,5.89901,0.28299,InterpolationSearch,1024
HybridPGMLIPP,5835328,5827573,5807159,1699021800,108.395,1.22001,108.479,1.32652,109.32,1.30596
HybridPGMLIPP,5823198,5831814,5845424,1699021800,105.976,1.2914,109.35,1.33292,108.386,1.34576
