index_name,build_time_ns1,build_time_ns2,build_time_ns3,index_size_bytes,lookup_throughput_mops1,lookup_throughput_mops2,lookup_throughput_mops3,search_method,value
LIPP,17521995,10475724,7286959,20629125376,5.36638,4.89988,5.15891
DynamicPGM,5293253,5290754,5288675,1716194548,1.85711,1.90881,1.9333,BinarySearch,16
DynamicPGM,5011890,5017853,5007269,1707696288,1.85554,1.91021,1.88865,BinarySearch,32
DynamicPGM,5244650,5261708,5255382,1716194548,1.72676,1.80604,1.81236,LinearSearch,16
HybridPGMLIPP,5885629,5884120,5881706,1716194660,1.27821,1.28829,1.29611
HybridPGMLIPP,5838363,5840387,5869592,1716194660,1.24626,1.22354,1.23586
