index_name,build_time_ns1,build_time_ns2,build_time_ns3,index_size_bytes,lookup_throughput_mops1,lookup_throughput_mops2,lookup_throughput_mops3,search_method,value
LIPP,11242164,8286302,6930343,20629125376,4.0204,3.85256,3.84706
BTree,1275146,1249340,1259366,2125000432,1.71514,1.68278,1.71857,LinearSearch,6
BTree,767220,756877,751750,1856251088,1.85456,1.80069,1.84836,LinearSearch,8
BTree,403192,408921,399549,1600535632,1.25404,1.22654,1.23232,BinarySearch,18
DynamicPGM,4262730,4270129,4252849,1716194548,2.01895,1.99795,2.00716,BinarySearch,16
DynamicPGM,4031114,4035859,4036457,1707696288,1.99976,2.02919,2.00183,BinarySearch,32
DynamicPGM,4269668,4266248,4261788,1716194548,1.92708,1.9161,1.94292,LinearSearch,16
