index_name,build_time_ns1,build_time_ns2,build_time_ns3,index_size_bytes,mixed_throughput_mops1,mixed_throughput_mops2,mixed_throughput_mops3,search_method,value
LIPP,17471860,10375133,7174440,20602223600,4.41723,4.15296,4.09096
DynamicPGM,4628187,4627086,4615670,1700920448,1.0078,1.00596,0.999023,BinarySearch,256
DynamicPGM,4793375,4777396,4791605,1703719948,1.04355,1.04483,1.05919,BinarySearch,64
DynamicPGM,4722002,4710020,4697622,1701834188,1.01391,1.01972,1.03722,BinarySearch,128
HybridPGMLIPP,5896755,5886445,5873130,1712761480,1.48695,1.4544,1.45025
HybridPGMLIPP,5850344,5838980,5834375,1712761480,1.40595,1.4447,1.43635
