index_name,build_time_ns1,build_time_ns2,build_time_ns3,index_size_bytes,mixed_throughput_mops1,mixed_throughput_mops2,mixed_throughput_mops3,search_method,value
LIPP,17218108,10156034,7050174,20407916384,1.75098,1.70033,1.62094
DynamicPGM,4552055,4532065,4547755,1700923308,2.77431,2.8548,2.83434,BinarySearch,256
DynamicPGM,4717944,4721700,4712515,1703722528,2.8404,2.84328,2.83759,BinarySearch,64
DynamicPGM,4647560,4645957,4654082,1701839468,2.8384,2.7696,2.85923,BinarySearch,128
HybridPGMLIPP,5782804,5776180,5776579,1685284460,12.4494,12.8658,11.5266
HybridPGMLIPP,5746762,5768528,5734395,1685284460,12.3296,12.4189,12.4859
