index_name,build_time_ns1,build_time_ns2,build_time_ns3,index_size_bytes,mixed_throughput_mops1,mixed_throughput_mops2,mixed_throughput_mops3,search_method,value
LIPP,11252241,7646689,6008431,20407916384,2.32138,2.30172,2.35736
DynamicPGM,3937348,3925055,3921506,1700923308,3.06157,3.09016,3.11227,BinarySearch,256
DynamicPGM,4109977,4116300,4109536,1703722528,3.12683,3.11517,3.14286,BinarySearch,64
DynamicPGM,4000551,4002669,3999917,1701839468,3.12511,3.12249,3.12984,BinarySearch,128
HybridPGMLIPP,5085724,5078634,5073954,1685284460,14.2577,13.7903,13.5603
HybridPGMLIPP,5051675,5085638,5074970,1685284460,16.3014,15.8827,15.7975
