index_name,build_time_ns1,build_time_ns2,build_time_ns3,index_size_bytes,lookup_throughput_mops1,lookup_throughput_mops2,lookup_throughput_mops3,search_method,value
LIPP,24180155,13241461,7166025,20629125376,0.982505,5.21793,5.4405
BTree,2722504,1888284,1876995,2125000432,1.41202,1.57733,1.56093,LinearSearch,6
BTree,1410927,1320195,1317827,1856251088,1.89544,1.81407,1.79717,LinearSearch,8
BTree,808631,820874,822562,1600535632,1.56903,1.76458,1.68442,BinarySearch,18
DynamicPGM,5565633,5547624,5508766,1716194548,1.94892,1.79575,1.87343,BinarySearch,16
DynamicPGM,5245353,5124071,5171495,1707696288,1.90359,1.7297,1.86025,BinarySearch,32
DynamicPGM,5328454,5301408,5365610,1716194548,1.83366,1.76989,1.60425,LinearSearch,16
LIPP,41730255,23138555,7221347,20629125376,1.65884,4.82754,5.1625
