index_name,build_time_ns1,build_time_ns2,build_time_ns3,index_size_bytes,insert_throughput_mops1,lookup_throughput_mops1,insert_throughput_mops2,lookup_throughput_mops2,insert_throughput_mops3,lookup_throughput_mops3,search_method,value
LIPP,14745648,9091783,6864765,20506973408,1.71872,5.41406,1.76785,4.79952,1.77066,5.35331
BTree,1347254,1217292,1227214,2197433696,0.874158,1.76912,0.999608,1.82214,1.01352,1.86776,LinearSearch,8
BTree,1071381,1068365,1036391,2379139992,0.90223,1.66495,0.942021,1.73461,0.918874,1.65603,LinearSearch,6
BTree,490013,489210,505533,2440801792,0.744779,1.45598,0.743156,1.45518,0.743052,1.45327,LinearAVX,10
DynamicPGM,4004614,3962856,3975390,1700238828,6.415,0.154017,6.59598,0.154782,6.60792,0.155006,LinearSearch,1024
DynamicPGM,3968433,3956231,3944854,1700238828,6.38033,0.59529,6.39029,0.592043,6.50723,0.598191,BinarySearch,1024
DynamicPGM,3943845,3965225,3985122,1700238828,6.80184,0.347552,6.69085,0.347259,6.65484,0.346285,InterpolationSearch,1024
