index_name,build_time_ns1,build_time_ns2,build_time_ns3,index_size_bytes,mixed_throughput_mops1,mixed_throughput_mops2,mixed_throughput_mops3,search_method,value
LIPP,11433563,7938275,6375523,20602223600,6.1338,5.42967,5.45456
DynamicPGM,4039970,3985516,4030072,1700920448,1.11177,1.1137,1.11721,BinarySearch,256
DynamicPGM,4178582,4226499,4214056,1703719948,1.12433,1.13033,1.14207,BinarySearch,64
DynamicPGM,4098187,4102672,4116559,1701834188,1.11181,1.10392,1.08944,BinarySearch,128
HybridPGMLIPP,5156830,5539731,5131316,1712761480,1.67312,1.72814,1.69384
HybridPGMLIPP,5146048,5148425,5173922,1712761480,1.78338,1.77497,1.86244
