index_name,build_time_ns1,build_time_ns2,build_time_ns3,index_size_bytes,mixed_throughput_mops1,mixed_throughput_mops2,mixed_throughput_mops3,search_method,value
LIPP,10930626,8025499,6720644,20407916384,1.8306,1.73774,1.79606
BTree,942830,689995,707243,2365640552,0.979598,1.07252,1.08184,LinearSearch,8
BTree,639218,639008,639295,2513674168,0.877559,0.905249,0.880924,LinearSearch,6
BTree,266664,265664,266275,2764350832,0.893182,0.896114,0.895514,LinearAVX,10
DynamicPGM,3632214,3627318,3627636,1700923308,3.00038,3.04893,3.03575,BinarySearch,256
DynamicPGM,3813559,3807368,3806513,1703722528,3.18255,3.1632,3.16122,BinarySearch,64
DynamicPGM,3713999,3709635,3702327,1701839468,3.07751,3.08334,3.08051,BinarySearch,128
