index_name,build_time_ns1,build_time_ns2,build_time_ns3,index_size_bytes,insert_throughput_mops1,lookup_throughput_mops1,insert_throughput_mops2,lookup_throughput_mops2,insert_throughput_mops3,lookup_throughput_mops3,search_method,value
LIPP,10901619,8109668,6804216,20506973408,1.76295,4.12045,1.68046,3.88246,1.66646,3.80837
BTree,958015,787711,798136,2197433696,0.951691,1.5333,1.02857,1.5989,1.05711,1.58491,LinearSearch,8
BTree,779809,762953,742044,2379139992,0.836109,1.42043,0.854789,1.47253,0.856733,1.40244,LinearSearch,6
BTree,266363,267721,267528,2440801792,0.882905,1.37788,0.898635,1.34355,0.882753,1.37158,LinearAVX,10
DynamicPGM,3569494,3582760,3576308,1700238828,6.273,0.145091,6.5451,0.13942,6.44859,0.146607,LinearSearch,1024
DynamicPGM,3573248,3570413,3563342,1700238828,6.43604,0.521569,6.46079,0.523164,6.47139,0.523612,BinarySearch,1024
DynamicPGM,3572850,3575096,3570313,1700238828,6.43051,0.326341,6.4753,0.325994,6.45896,0.325911,InterpolationSearch,1024
