index_name,build_time_ns1,build_time_ns2,build_time_ns3,index_size_bytes,insert_throughput_mops1,lookup_throughput_mops1,insert_throughput_mops2,lookup_throughput_mops2,insert_throughput_mops3,lookup_throughput_mops3,search_method,value
LIPP,15546921,9455923,7086635,20506973408,1.10108,3.4601,1.7023,5.79593,1.62421,5.5509
BTree,1406144,1395224,1290452,2197433696,0.771553,1.41731,0.79056,1.32432,0.827554,1.53043,LinearSearch,8
BTree,1150712,1121381,1107737,2379139992,0.70858,1.39509,0.84164,1.57072,0.769651,1.45983,LinearSearch,6
BTree,559569,537874,522224,2440801792,0.732727,1.39365,0.723211,1.35141,0.728864,1.37855,LinearAVX,10
DynamicPGM,4935555,4567580,4284390,1700238828,4.98818,0.148556,6.28645,0.151192,6.14268,0.155961,LinearSearch,1024
DynamicPGM,4527287,4554835,4490739,1700238828,6.38957,0.522026,6.4316,0.517706,6.42625,0.554806,BinarySearch,1024
DynamicPGM,4224103,4228497,4221023,1700238828,6.36215,0.333107,6.41202,0.33622,6.43167,0.335432,InterpolationSearch,1024
LIPP,16337080,9561938,7084876,20506973408,1.48806,5.22258,1.52079,4.76512,1.65258,4.78705
