index_name,build_time_ns1,build_time_ns2,build_time_ns3,index_size_bytes,insert_throughput_mops1,lookup_throughput_mops1,insert_throughput_mops2,lookup_throughput_mops2,insert_throughput_mops3,lookup_throughput_mops3,search_method,value
LIPP,11783048,7916257,6045559,20506973408,1.95654,7.1203,2.21725,6.80655,2.14619,7.19758
DynamicPGM,3897555,3996346,3998678,1700238828,6.09027,0.17247,6.3711,0.175601,6.24361,0.180959,LinearSearch,1024
DynamicPGM,3878291,3905383,3919667,1700238828,6.27724,0.569283,6.26978,0.573232,6.29091,0.568462,BinarySearch,1024
DynamicPGM,3905738,3911358,3954141,1700238828,6.24301,0.294786,6.27799,0.327066,6.29484,0.326802,InterpolationSearch,1024
HybridPGMLIPP,5099138,5110813,5119459,1699021800,127.391,1.56775,129.176,1.6235,127.173,1.60798
HybridPGMLIPP,5125226,5102589,5139880,1699021800,130.156,1.56846,129.05,1.48799,129.707,1.58462
